"","Individual","ID_plot","Colony","date_collected","collector","abdomen_length","body_length","body_width","ant3_length_left","femur_length_left","tarsus_length_left","tibia_length_left","rostrum_length","head_width","ant3_length_right","femur_length_right","tarsus_length_right","tibia_length_right","head_length","thorax_width","Rhinaria_left","Rhinaria_right","Rhinaria.mean","ant3_length","tarsus_length","femur_length","tibia_length","Rhinaria.asym","ant3_length_asym","tarsus_length_asym","femur_length_asym","tibia_length_asym"
"1","NA-2-A",NA,"NA-2",NA,NA,0,0,0,0,0,0,0,0,0,0,0,0,0,0,0,NA,NA,NA,0,0,0,0,0,0,0,0,0
"2","NA-2-B",NA,NA,NA,NA,NA,NA,NA,NA,NA,NA,NA,NA,NA,NA,NA,NA,NA,NA,NA,NA,NA,NA,NA,NA,NA,NA,0,0,0,0,0
"3","NA-2-C",NA,NA,NA,NA,NA,NA,NA,NA,NA,NA,NA,NA,NA,NA,NA,NA,NA,NA,NA,NA,NA,NA,NA,NA,NA,NA,0,0,0,0,0
"4","NA-2-D",NA,NA,NA,NA,NA,NA,NA,NA,NA,NA,NA,NA,NA,NA,NA,NA,NA,NA,NA,NA,NA,NA,NA,NA,NA,NA,0,0,0,0,0
"5","NA-2-E",NA,NA,NA,NA,NA,NA,NA,NA,NA,NA,NA,NA,NA,NA,NA,NA,NA,NA,NA,NA,NA,NA,NA,NA,NA,NA,0,0,0,0,0
"6","NA-A-right antenna.jpg",NA,NA,NA,NA,NA,NA,NA,NA,NA,NA,NA,NA,NA,NA,NA,NA,NA,NA,NA,NA,NA,NA,NA,NA,NA,NA,0,0,0,0,0
"7","NA-B-right antenna.jpg",NA,NA,NA,NA,NA,NA,NA,NA,NA,NA,NA,NA,NA,NA,NA,NA,NA,NA,NA,NA,NA,NA,NA,NA,NA,NA,0,0,0,0,0
"8","NA-C-right antenna.jpg",NA,NA,NA,NA,NA,NA,NA,NA,NA,NA,NA,NA,NA,NA,NA,NA,NA,NA,NA,NA,NA,NA,NA,NA,NA,NA,0,0,0,0,0
"9","NA-D-right antenna.jpg",NA,NA,NA,NA,NA,NA,NA,NA,NA,NA,NA,NA,NA,NA,NA,NA,NA,NA,NA,NA,NA,NA,NA,NA,NA,NA,0,0,0,0,0
"10","NA-E-right antenna.jpg",NA,NA,NA,NA,NA,NA,NA,NA,NA,NA,NA,NA,NA,NA,NA,NA,NA,NA,NA,NA,NA,NA,NA,NA,NA,NA,0,0,0,0,0
"11","Nh_10-1-A","Nh_10","Nh_10-1","17.08.2020","Maud + Elena",0,0,0,NA,0,0,0,0,0,0,0,0,0,0,0,8,11,9.5,0,0,0,0,-3,0,0,0,0
"12","Nh_10-1-B","Nh_10","Nh_10-1","17.08.2020","Maud + Elena",0,0,0,0,0,0,0,0,0,0,0,0,0,0,0,14,11,12.5,0,0,0,0,3,0,0,0,0
"13","Nh_10-1-C","Nh_10","Nh_10-1","17.08.2020","Maud + Elena",0,0,0,0,0,0,0,0,0,0,NA,NA,NA,0,0,12,5,8.5,0,0,0,0,7,0,0,0,0
"14","Nh_10-1-D","Nh_10","Nh_10-1","17.08.2020","Maud + Elena",0,0,0,NA,0,0,0,0,0,0,0,0,0,0,0,10,12,11,0,0,0,0,-2,0,0,0,0
"15","Nh_10-1-E","Nh_10","Nh_10-1","17.08.2020","Maud + Elena",0,0,0,0,0,0,0,0,0,0,0,0,0,0,0,8,9,8.5,0,0,0,0,-1,0,0,0,0
"16","Nh_10-1.2-A","Nh_10","Nh_10-1.2","17.08.2020","Maud + Elena",0,0,0,0,0,0,0,0,0,0,0,0,0,0,0,11,14,12.5,0,0,0,0,-3,0,0,0,0
"17","Nh_10-1.2-C","Nh_10","Nh_10-1.2","17.08.2020","Maud + Elena",0,0,0,0,0,0,0,0,0,0,0,0,0,0,0,11,15,13,0,0,0,0,-4,0,0,0,0
"18","Nh_10-1.2-D","Nh_10","Nh_10-1.2","17.08.2020","Maud + Elena",0,0,0,0,0,0,0,0,0,0,0,0,0,0,0,13,11,12,0,0,0,0,2,0,0,0,0
"19","Nh_10-1.2-E","Nh_10","Nh_10-1.2","17.08.2020","Maud + Elena",0,0,0,0,0,0,0,0,0,0,0,0,0,0,0,10,11,10.5,0,0,0,0,-1,0,0,0,0
"20","Nh_10-2-A","Nh_10","Nh_10-2","17.08.2020","Maud + Elena",0,0,0,0,0,0,0,0,0,0,0,0,0,0,0,20,24,22,0,0,0,0,-4,0,0,0,0
"21","Nh_10-2-B","Nh_10","Nh_10-2","17.08.2020","Maud + Elena",0,0,0,0,0,0,0,0,0,0,0,0,0,0,0,0,17,8.5,0,0,0,0,-17,0,0,0,0
"22","Nh_10-2-C","Nh_10","Nh_10-2","17.08.2020","Maud + Elena",0,0,0,0,0,0,0,0,0,0,0,0,0,0,0,19,17,18,0,0,0,0,2,0,0,0,0
"23","Nh_10-2-D","Nh_10","Nh_10-2","17.08.2020","Maud + Elena",0,0,0,0,0,0,0,0,0,0,0,0,0,0,0,0,12,6,0,0,0,0,-12,0,0,0,0
"24","Nh_10-2-E","Nh_10","Nh_10-2","17.08.2020","Maud + Elena",0,0,0,0,0,0,0,0,0,0,0,0,0,0,0,0,16,8,0,0,0,0,-16,0,0,0,0
"25","Nh_10-3-A","Nh_10","Nh_10-3","17.08.2020","Maud + Elena",0,0,0,0,0,0,0,0,0,0,0,0,0,0,0,15,4,9.5,0,0,0,0,11,0,0,0,0
"26","Nh_10-3-B","Nh_10","Nh_10-3","17.08.2020","Maud + Elena",0,0,0,0,NA,NA,NA,0,NA,0,NA,NA,NA,0,0,0,14,7,0,NA,NA,NA,-14,0,0,0,0
"27","Nh_10-3-C","Nh_10","Nh_10-3","17.08.2020","Maud + Elena",0,0,0,0,0,0,0,0,0,0,0,NA,0,0,0,17,0,8.5,0,0,0,0,17,0,0,0,0
"28","Nh_10-3-D","Nh_10","Nh_10-3","17.08.2020","Maud + Elena",0,0,0,0,0,0,0,0,0,0,0,0,0,0,0,15,6,10.5,0,0,0,0,9,0,0,0,0
"29","Nh_10-3-E","Nh_10","Nh_10-3","17.08.2020","Maud + Elena",0,0,0,0,0,0,0,0,0,0,0,0,0,0,0,7,15,11,0,0,0,0,-8,0,0,0,0
"30","Nl_14-1-A","Nl_14","Nl_14-1","06.08.2019","Judith",0,0,0,0,0,0,0,0,0,0,0,0,0,0,0,18,18,18,0,0,0,0,0,0,0,0,0
"31","Nl_14-1-B","Nl_14","Nl_14-1","06.08.2019","Judith",0,0,0,0,0,0,0,0,0,0,0,0,0,0,0,13,15,14,0,0,0,0,-2,0,0,0,0
"32","Nl_14-1-C","Nl_14","Nl_14-1","06.08.2019","Judith",0,0,0,0,0,0,0,0,0,0,0,0,0,0,0,7,8,7.5,0,0,0,0,-1,0,0,0,0
"33","Nl_14-1-D","Nl_14","Nl_14-1","06.08.2019","Judith",0,0,0,0,0,0,0,0,0,0,0,0,0,0,0,15,16,15.5,0,0,0,0,-1,0,0,0,0
"34","Nl_14-1-E","Nl_14","Nl_14-1","06.08.2019","Judith",0,0,0,0,0,0,0,0,0,0,0,0,0,0,0,12,10,11,0,0,0,0,2,0,0,0,0
"35","Nl_14-2-A","Nl_14","Nl_14-2","30.08.2019","Judith",0,0,0,0,0,0,0,0,0,0,0,0,0,0,0,13,14,13.5,0,0,0,0,-1,0,0,0,0
"36","Nl_14-2-B","Nl_14","Nl_14-2","30.08.2019","Judith",0,0,0,0,0,0,0,0,0,0,0,0,0,0,0,6,8,7,0,0,0,0,-2,0,0,0,0
"37","Nl_14-2-C","Nl_14","Nl_14-2","30.08.2019","Judith",0,0,0,0,0,0,0,0,0,0,0,0,0,0,0,7,8,7.5,0,0,0,0,-1,0,0,0,0
"38","Nl_14-2-D","Nl_14","Nl_14-2","30.08.2019","Judith",0,0,0,0,0,0,0,0,0,0,0,0,0,0,0,8,15,11.5,0,0,0,0,-7,0,0,0,0
"39","Nl_14-2-E","Nl_14","Nl_14-2","30.08.2019","Judith",0,0,0,0,0,0,0,0,0,0,0,0,0,0,0,19,17,18,0,0,0,0,2,0,0,0,0
"40","Nl_14-A-A","Nl_14","Nl_14-A","04.09.2019","Judith",0,0,0,0,0,0,0,0,0,0,0,0,0,0,0,4,6,5,0,0,0,0,-2,0,0,0,0
"41","Nl_14-A-A","Nl_14","Nl_14-A","04.09.2019","Judith",0,0,0,0,0,0,0,0,0,0,0,0,0,0,0,21,13,17,0,0,0,0,8,0,0,0,0
"42","Nl_14-B-B","Nl_14","Nl_14-B","04.09.2019","Judith",0,0,0,0,0,0,0,0,0,0,0,0,0,0,0,21,17,19,0,0,0,0,4,0,0,0,0
"43","Nl_14-B-B","Nl_14","Nl_14-B","04.09.2019","Judith",0,0,0,0,0,0,0,0,0,0,0,0,0,0,0,14,16,15,0,0,0,0,-2,0,0,0,0
"44","Nl_14-C-C","Nl_14","Nl_14-C","04.09.2019","Judith",0,0,0,0,0,0,0,0,0,0,0,0,0,0,0,14,23,18.5,0,0,0,0,-9,0,0,0,0
"45","Nl_14-C-C","Nl_14","Nl_14-C","04.09.2019","Judith",0,0,0,0,0,0,0,0,0,0,0,0,0,0,0,10,9,9.5,0,0,0,0,1,0,0,0,0
"46","Nl_14-D-D","Nl_14","Nl_14-D","04.09.2019","Judith",0,0,0,0,0,0,0,0,0,0,0,NA,0,0,0,28,29,28.5,0,0,0,0,-1,0,0,0,0
"47","Nl_14-E-E","Nl_14","Nl_14-E","04.09.2019","Judith",0,0,0,0,NA,NA,NA,0,0,0,0,NA,NA,0,0,17,21,19,0,NA,0,NA,-4,0,0,0,0
"48","Nl_55-1-A","Nl_55","Nl_55-1","07.08.2019","Judith",0,0,0,0,0,0,0,0,0,0,0,0,0,0,0,19,17,18,0,0,0,0,2,0,0,0,0
"49","Nl_55-1-A","Nl_55","Nl_55-1","07.08.2019","Judith",0,0,0,0,0,0,0,0,0,0,0,0,0,0,0,14,6,10,0,0,0,0,8,0,0,0,0
"50","Nl_55-1-A","Nl_55","Nl_55-1","12.08.2020","Maud + Elena",0,0,0,0,0,0,0,0,0,0,0,0,0,0,0,19,17,18,0,0,0,0,2,0,0,0,0
"51","Nl_55-1-A","Nl_55","Nl_55-1","12.08.2020","Maud + Elena",0,0,0,0,0,0,0,0,0,0,0,0,0,0,0,14,6,10,0,0,0,0,8,0,0,0,0
"52","Nl_55-1-B","Nl_55","Nl_55-1","12.08.2020","Maud + Elena",0,0,0,0,0,0,0,0,0,0,0,0,0,0,0,10,13,11.5,0,0,0,0,-3,0,0,0,0
"53","Nl_55-1-B","Nl_55","Nl_55-1","12.08.2020","Maud + Elena",0,0,0,0,0,0,0,0,0,0,0,0,0,0,0,22,17,19.5,0,0,0,0,5,0,0,0,0
"54","Nl_55-1-B","Nl_55","Nl_55-1","07.08.2019","Judith",0,0,0,0,0,0,0,0,0,0,0,0,0,0,0,10,13,11.5,0,0,0,0,-3,0,0,0,0
"55","Nl_55-1-B","Nl_55","Nl_55-1","07.08.2019","Judith",0,0,0,0,0,0,0,0,0,0,0,0,0,0,0,22,17,19.5,0,0,0,0,5,0,0,0,0
"56","Nl_55-1-C","Nl_55","Nl_55-1","12.08.2020","Maud + Elena",0,0,0,0,0,0,0,0,0,0,0,0,0,0,0,7,18,12.5,0,0,0,0,-11,0,0,0,0
"57","Nl_55-1-C","Nl_55","Nl_55-1","12.08.2020","Maud + Elena",0,0,0,0,0,0,0,0,0,0,0,0,0,0,0,15,21,18,0,0,0,0,-6,0,0,0,0
"58","Nl_55-1-C","Nl_55","Nl_55-1","07.08.2019","Judith",0,0,0,0,0,0,0,0,0,0,0,0,0,0,0,7,18,12.5,0,0,0,0,-11,0,0,0,0
"59","Nl_55-1-C","Nl_55","Nl_55-1","07.08.2019","Judith",0,0,0,0,0,0,0,0,0,0,0,0,0,0,0,15,21,18,0,0,0,0,-6,0,0,0,0
"60","Nl_55-1-D","Nl_55","Nl_55-1","12.08.2020","Maud + Elena",0,0,0,0,0,0,0,0,0,0,0,0,0,0,0,4,4,4,0,0,0,0,0,0,0,0,0
"61","Nl_55-1-D","Nl_55","Nl_55-1","12.08.2020","Maud + Elena",0,0,0,0,0,0,0,0,0,0,0,0,0,0,0,12,15,13.5,0,0,0,0,-3,0,0,0,0
"62","Nl_55-1-D","Nl_55","Nl_55-1","07.08.2019","Judith",0,0,0,0,0,0,0,0,0,0,0,0,0,0,0,4,4,4,0,0,0,0,0,0,0,0,0
"63","Nl_55-1-D","Nl_55","Nl_55-1","07.08.2019","Judith",0,0,0,0,0,0,0,0,0,0,0,0,0,0,0,12,15,13.5,0,0,0,0,-3,0,0,0,0
"64","Nl_55-1-E","Nl_55","Nl_55-1","07.08.2019","Judith",0,0,0,0,0,0,0,0,0,0,0,0,0,0,0,17,16,16.5,0,0,0,0,1,0,0,0,0
"65","Nl_55-1-E","Nl_55","Nl_55-1","07.08.2019","Judith",0,0,0,0,0,0,0,0,0,0,0,0,0,0,0,4,9,6.5,0,0,0,0,-5,0,0,0,0
"66","Nl_55-1-E","Nl_55","Nl_55-1","12.08.2020","Maud + Elena",0,0,0,0,0,0,0,0,0,0,0,0,0,0,0,17,16,16.5,0,0,0,0,1,0,0,0,0
"67","Nl_55-1-E","Nl_55","Nl_55-1","12.08.2020","Maud + Elena",0,0,0,0,0,0,0,0,0,0,0,0,0,0,0,4,9,6.5,0,0,0,0,-5,0,0,0,0
"68","Nl_55-2-A","Nl_55","Nl_55-2","29.08.2019","Judith",0,0,0,NA,0,0,0,0,0,0,0,0,0,0,0,17,0,8.5,0,0,0,0,17,0,0,0,0
"69","Nl_55-2-A","Nl_55","Nl_55-2","29.08.2019","Judith",0,0,0,NA,0,0,0,0,0,0,0,0,0,0,0,5,12,8.5,0,0,0,0,-7,0,0,0,0
"70","Nl_55-2-A","Nl_55","Nl_55-2","12.08.2020","Maud + Elena",0,0,0,0,0,0,0,0,0,0,0,0,0,0,0,17,0,8.5,0,0,0,0,17,0,0,0,0
"71","Nl_55-2-A","Nl_55","Nl_55-2","12.08.2020","Maud + Elena",0,0,0,0,0,0,0,0,0,0,0,0,0,0,0,5,12,8.5,0,0,0,0,-7,0,0,0,0
"72","Nl_55-2-B","Nl_55","Nl_55-2","12.08.2020","Maud + Elena",0,0,0,0,0,0,0,0,0,0,0,0,0,0,0,8,19,13.5,0,0,0,0,-11,0,0,0,0
"73","Nl_55-2-B","Nl_55","Nl_55-2","12.08.2020","Maud + Elena",0,0,0,0,0,0,0,0,0,0,0,0,0,0,0,9,13,11,0,0,0,0,-4,0,0,0,0
"74","Nl_55-2-B","Nl_55","Nl_55-2","29.08.2019","Judith",0,0,0,0,0,0,0,0,0,0,0,0,0,0,0,8,19,13.5,0,0,0,0,-11,0,0,0,0
"75","Nl_55-2-B","Nl_55","Nl_55-2","29.08.2019","Judith",0,0,0,0,0,0,0,0,0,0,0,0,0,0,0,9,13,11,0,0,0,0,-4,0,0,0,0
"76","Nl_55-2-C","Nl_55","Nl_55-2","12.08.2020","Maud + Elena",0,0,0,0,0,0,0,0,0,0,0,0,0,0,0,8,0,4,0,0,0,0,8,0,0,0,0
"77","Nl_55-2-C","Nl_55","Nl_55-2","12.08.2020","Maud + Elena",0,0,0,0,0,0,0,0,0,0,0,0,0,0,0,9,8,8.5,0,0,0,0,1,0,0,0,0
"78","Nl_55-2-C","Nl_55","Nl_55-2","29.08.2019","Judith",0,0,0,NA,0,0,0,0,0,0,0,0,0,0,0,8,0,4,0,0,0,0,8,0,0,0,0
"79","Nl_55-2-C","Nl_55","Nl_55-2","29.08.2019","Judith",0,0,0,NA,0,0,0,0,0,0,0,0,0,0,0,9,8,8.5,0,0,0,0,1,0,0,0,0
"80","Nl_55-2-D","Nl_55","Nl_55-2","12.08.2020","Maud + Elena",0,0,0,0,0,0,0,0,0,0,0,0,0,0,0,16,5,10.5,0,0,0,0,11,0,0,0,0
"81","Nl_55-2-E","Nl_55","Nl_55-2","12.08.2020","Maud + Elena",0,0,0,0,0,0,0,0,0,0,0,0,0,0,0,15,6,10.5,0,0,0,0,9,0,0,0,0
"82","Nl_55-3-A","Nl_55","Nl_55-3","12.08.2020","Maud + Elena",0,0,0,0,0,0,0,0,0,0,0,0,0,0,0,15,8,11.5,0,0,0,0,7,0,0,0,0
"83","Nl_55-3-B","Nl_55","Nl_55-3","12.08.2020","Maud + Elena",0,0,0,0,0,0,0,0,0,0,0,0,0,0,0,9,7,8,0,0,0,0,2,0,0,0,0
"84","Nl_55-3-C","Nl_55","Nl_55-3","12.08.2020","Maud + Elena",0,0,0,0,0,0,0,0,0,0,0,0,0,0,0,6,17,11.5,0,0,0,0,-11,0,0,0,0
"85","Nl_55-3-D","Nl_55","Nl_55-3","12.08.2020","Maud + Elena",0,0,0,0,0,0,0,0,0,0,0,0,0,0,0,6,16,11,0,0,0,0,-10,0,0,0,0
"86","Nl_55-3-E","Nl_55","Nl_55-3","12.08.2020","Maud + Elena",0,0,0,0,0,0,0,0,0,0,0,0,0,0,0,8,19,13.5,0,0,0,0,-11,0,0,0,0
"87","Nl_55-4-A","Nl_55","Nl_55-4","12.08.2020","Maud + Elena",0,0,0,0,0,0,0,0,NA,0,0,0,0,0,0,14,18,16,0,0,0,0,-4,0,0,0,0
"88","Nl_55-4-B","Nl_55","Nl_55-4","12.08.2020","Maud + Elena",0,0,0,0,NA,NA,NA,0,NA,0,NA,NA,NA,0,0,12,9,10.5,0,NA,NA,NA,3,0,0,0,0
"89","Nl_55-4-C","Nl_55","Nl_55-4","12.08.2020","Maud + Elena",0,0,0,0,NA,NA,NA,0,NA,0,NA,NA,NA,0,0,6,9,7.5,0,NA,NA,NA,-3,0,0,0,0
"90","Nl_55-4-D","Nl_55","Nl_55-4","12.08.2020","Maud + Elena",0,0,0,NA,NA,NA,NA,0,NA,NA,NA,NA,NA,0,0,NA,NA,NA,NA,NA,NA,NA,0,0,0,0,0
"91","Nl_55-4-E","Nl_55","Nl_55-4","12.08.2020","Maud + Elena",0,0,0,0,0,0,0,0,NA,0,0,0,0,0,0,7,5,6,0,0,0,0,2,0,0,0,0
"92","Nl_55-4.2-A","Nl_55","Nl_55-4.2","12.08.2020","Maud + Elena",0,0,0,0,0,0,0,0,0,0,0,0,0,0,0,4,13,8.5,0,0,0,0,-9,0,0,0,0
"93","Nl_55-4.2-B","Nl_55","Nl_55-4.2","12.08.2020","Maud + Elena",0,0,0,0,0,0,0,0,0,0,0,0,0,0,0,12,12,12,0,0,0,0,0,0,0,0,0
"94","Nl_55-4.2-C","Nl_55","Nl_55-4.2","12.08.2020","Maud + Elena",0,0,0,0,0,0,0,0,0,0,0,0,0,0,0,8,10,9,0,0,0,0,-2,0,0,0,0
"95","Nl_55-4.2-D","Nl_55","Nl_55-4.2","12.08.2020","Maud + Elena",0,0,0,0,0,0,0,0,0,0,0,0,0,0,0,14,12,13,0,0,0,0,2,0,0,0,0
"96","Nl_55-4.2-E","Nl_55","Nl_55-4.2","12.08.2020","Maud + Elena",0,0,0,0,0,0,0,0,0,0,0,0,0,0,0,12,4,8,0,0,0,0,8,0,0,0,0
"97","Nl_55-5-A","Nl_55","Nl_55-5","12.08.2020","Maud + Elena",0,0,0,0,0,0,0,0,0,0,0,0,0,0,0,9,20,14.5,0,0,0,0,-11,0,0,0,0
"98","Nl_55-5-B","Nl_55","Nl_55-5","12.08.2020","Maud + Elena",0,0,0,0,0,0,0,0,0,0,0,0,0,0,0,7,7,7,0,0,0,0,0,0,0,0,0
"99","Nl_55-5-C","Nl_55","Nl_55-5","12.08.2020","Maud + Elena",0,0,0,0,0,0,0,0,0,0,0,0,0,0,0,14,15,14.5,0,0,0,0,-1,0,0,0,0
"100","Nl_55-5-D","Nl_55","Nl_55-5","12.08.2020","Maud + Elena",0,0,0,0,0,0,0,0,0,0,0,0,0,0,0,14,12,13,0,0,0,0,2,0,0,0,0
"101","Nl_55-5-E","Nl_55","Nl_55-5","12.08.2020","Maud + Elena",0,0,0,0,0,0,0,0,0,0,0,0,0,0,0,12,12,12,0,0,0,0,0,0,0,0,0
"102","Oh_01-1-A","Oh_01","Oh_01-1","14.08.2020","Maud + Elena",0,0,0,0,0,0,0,0,NA,0,0,NA,0,0,0,18,9,13.5,0,0,0,0,9,0,0,0,0
"103","Oh_01-1-B","Oh_01","Oh_01-1","14.08.2020","Maud + Elena",0,0,0,0,0,0,0,0,NA,0,0,0,0,0,0,11,15,13,0,0,0,0,-4,0,0,0,0
"104","Oh_01-1-C","Oh_01","Oh_01-1","14.08.2020","Maud + Elena",0,0,0,0,NA,NA,NA,0,NA,0,NA,NA,NA,0,0,15,22,18.5,0,NA,NA,NA,-7,0,0,0,0
"105","Oh_01-1-D","Oh_01","Oh_01-1","14.08.2020","Maud + Elena",0,0,0,0,0,0,0,0,NA,0,0,0,0,0,0,10,11,10.5,0,0,0,0,-1,0,0,0,0
"106","Oh_01-1-E","Oh_01","Oh_01-1","14.08.2020","Maud + Elena",0,0,0,0,0,0,0,0,NA,0,0,NA,0,0,0,4,8,6,0,0,0,0,-4,0,0,0,0
"107","Oh_01-1.2-A","Oh_01","Oh_01-1.2","14.08.2020","Maud + Elena",0,0,0,0,0,0,0,0,0,0,0,0,0,0,0,0,11,5.5,0,0,0,0,-11,0,0,0,0
"108","Oh_01-1.2-C","Oh_01","Oh_01-1.2","14.08.2020","Maud + Elena",0,0,0,0,0,0,0,0,0,0,0,0,0,0,0,2,15,8.5,0,0,0,0,-13,0,0,0,0
"109","Oh_01-1.2-E","Oh_01","Oh_01-1.2","14.08.2020","Maud + Elena",0,0,0,0,0,0,0,0,0,0,0,0,0,0,0,5,10,7.5,0,0,0,0,-5,0,0,0,0
"110","Oh_01-2-A","Oh_01","Oh_01-2","14.08.2020","Maud + Elena",0,0,0,0,0,0,0,0,NA,0,0,0,0,0,0,7,2,4.5,0,0,0,0,5,0,0,0,0
"111","Oh_01-2-B","Oh_01","Oh_01-2","14.08.2020","Maud + Elena",0,0,0,0,0,0,0,0,NA,NA,0,0,0,0,0,NA,NA,NA,0,0,0,0,0,0,0,0,0
"112","Oh_01-2-C","Oh_01","Oh_01-2","14.08.2020","Maud + Elena",0,0,0,0,0,0,0,0,NA,0,0,0,0,0,0,21,6,13.5,0,0,0,0,15,0,0,0,0
"113","Oh_01-2-D","Oh_01","Oh_01-2","14.08.2020","Maud + Elena",0,0,0,0,0,0,0,0,NA,0,0,0,0,0,0,20,5,12.5,0,0,0,0,15,0,0,0,0
"114","Oh_01-2.2-B","Oh_01","Oh_01-2.2","14.08.2020","Maud + Elena",0,0,0,0,0,0,0,0,0,0,0,0,0,0,0,14,14,14,0,0,0,0,0,0,0,0,0
"115","Oh_01-2.2-E","Oh_01","Oh_01-2.2","14.08.2020","Maud + Elena",0,0,0,0,0,0,0,0,0,0,0,0,0,0,0,9,19,14,0,0,0,0,-10,0,0,0,0
"116","Oh_01-3-A","Oh_01","Oh_01-3","14.08.2020","Maud + Elena",0,0,0,0,NA,NA,NA,0,NA,0,0,0,0,0,0,11,18,14.5,0,0,0,0,-7,0,0,0,0
"117","Oh_01-3-B","Oh_01","Oh_01-3","14.08.2020","Maud + Elena",0,0,0,0,0,0,0,0,NA,NA,0,0,0,0,0,NA,NA,NA,0,0,0,0,0,0,0,0,0
"118","Oh_01-3-C","Oh_01","Oh_01-3","14.08.2020","Maud + Elena",0,0,0,0,0,0,0,0,NA,0,0,0,0,0,0,16,9,12.5,0,0,0,0,7,0,0,0,0
"119","Oh_01-3-D","Oh_01","Oh_01-3","14.08.2020","Maud + Elena",0,0,0,NA,0,0,0,0,NA,NA,0,0,0,0,0,NA,NA,NA,NA,0,0,0,0,0,0,0,0
"120","Oh_01-3-E","Oh_01","Oh_01-3","14.08.2020","Maud + Elena",0,0,0,0,0,0,0,0,NA,0,0,0,0,0,0,19,NA,19,0,0,0,0,19,0,0,0,0
"121","Oh_01-3.2-A","Oh_01","Oh_01-3.2","14.08.2020","Maud + Elena",0,0,0,0,0,0,0,0,0,0,0,0,0,0,0,19,17,18,0,0,0,0,2,0,0,0,0
"122","Oh_01-3.2-D","Oh_01","Oh_01-3.2","14.08.2020","Maud + Elena",0,0,0,0,0,0,0,0,0,0,0,0,0,0,0,13,18,15.5,0,0,0,0,-5,0,0,0,0
"123","Oh_01-4-A","Oh_01","Oh_01-4","14.08.2020","Maud + Elena",0,0,0,0,0,0,0,0,0,0,0,0,0,0,0,14,16,15,0,0,0,0,-2,0,0,0,0
"124","Oh_01-4-B","Oh_01","Oh_01-4","14.08.2020","Maud + Elena",0,0,0,0,0,0,0,0,0,0,0,0,0,0,0,12,17,14.5,0,0,0,0,-5,0,0,0,0
"125","Oh_01-4-C","Oh_01","Oh_01-4","14.08.2020","Maud + Elena",0,0,0,0,0,0,0,0,0,0,0,0,0,0,0,20,17,18.5,0,0,0,0,3,0,0,0,0
"126","Oh_01-4-D","Oh_01","Oh_01-4","14.08.2020","Maud + Elena",0,0,0,0,0,0,0,0,0,0,0,0,0,0,0,20,12,16,0,0,0,0,8,0,0,0,0
"127","Oh_01-4-E","Oh_01","Oh_01-4","14.08.2020","Maud + Elena",0,0,0,0,0,0,0,0,0,0,0,0,0,0,0,22,9,15.5,0,0,0,0,13,0,0,0,0
"128","Oh_02-1-A","Oh_02","Oh_02-1","14.08.2020","Maud + Elena",0,0,0,0,0,0,0,0,0,0,0,0,0,0,0,19,15,17,0,0,0,0,4,0,0,0,0
"129","Oh_02-1-B","Oh_02","Oh_02-1","14.08.2020","Maud + Elena",0,0,0,0,0,0,0,0,0,0,0,0,0,0,0,11,23,17,0,0,0,0,-12,0,0,0,0
"130","Oh_02-1-C","Oh_02","Oh_02-1","14.08.2020","Maud + Elena",0,0,0,0,0,0,0,0,0,0,0,0,0,0,0,13,20,16.5,0,0,0,0,-7,0,0,0,0
"131","Oh_02-1-D","Oh_02","Oh_02-1","14.08.2020","Maud + Elena",0,0,0,0,0,0,0,0,0,0,0,0,0,0,0,18,20,19,0,0,0,0,-2,0,0,0,0
"132","Oh_02-1-E","Oh_02","Oh_02-1","14.08.2020","Maud + Elena",0,0,0,0,0,0,0,0,0,0,0,0,0,0,0,15,19,17,0,0,0,0,-4,0,0,0,0
"133","Oh_02-2-A","Oh_02","Oh_02-2","14.08.2020","Maud + Elena",0,0,0,0,0,0,0,0,0,0,0,0,0,0,0,25,19,22,0,0,0,0,6,0,0,0,0
"134","Oh_02-2-B","Oh_02","Oh_02-2","14.08.2020","Maud + Elena",0,0,0,0,0,0,0,0,0,0,0,0,0,0,0,13,17,15,0,0,0,0,-4,0,0,0,0
"135","Oh_02-2-C","Oh_02","Oh_02-2","14.08.2020","Maud + Elena",0,0,0,0,0,0,0,0,0,0,0,0,0,0,0,23,17,20,0,0,0,0,6,0,0,0,0
"136","Oh_02-2-D","Oh_02","Oh_02-2","14.08.2020","Maud + Elena",0,0,0,0,0,0,0,0,0,0,0,0,0,0,0,21,18,19.5,0,0,0,0,3,0,0,0,0
"137","Oh_02-2-E","Oh_02","Oh_02-2","14.08.2020","Maud + Elena",0,0,0,0,0,0,0,0,0,0,0,0,0,0,0,22,13,17.5,0,0,0,0,9,0,0,0,0
"138","Oh_02-3-A","Oh_02","Oh_02-3","14.08.2020","Maud + Elena",0,0,0,0,0,0,0,0,0,0,0,0,0,0,0,7,24,15.5,0,0,0,0,-17,0,0,0,0
"139","Oh_02-3-B","Oh_02","Oh_02-3","14.08.2020","Maud + Elena",0,0,0,0,0,0,0,0,0,0,NA,NA,NA,0,0,0,19,9.5,0,0,0,0,-19,0,0,0,0
"140","Oh_02-3-C","Oh_02","Oh_02-3","14.08.2020","Maud + Elena",0,0,0,0,NA,NA,NA,0,0,0,0,0,0,0,0,13,20,16.5,0,0,0,0,-7,0,0,0,0
"141","Oh_02-3-D","Oh_02","Oh_02-3","14.08.2020","Maud + Elena",0,0,0,0,0,0,0,0,0,0,0,0,0,0,0,11,3,7,0,0,0,0,8,0,0,0,0
"142","Oh_02-3-E","Oh_02","Oh_02-3","14.08.2020","Maud + Elena",0,0,0,0,0,0,0,0,0,0,0,0,0,NA,NA,14,0,7,0,0,0,0,14,0,0,0,0
"143","Oh_02-4-A","Oh_02","Oh_02-4","14.08.2020","Maud + Elena",0,0,0,0,0,0,0,0,0,0,0,0,0,0,0,15,13,14,0,0,0,0,2,0,0,0,0
"144","Oh_02-4-B","Oh_02","Oh_02-4","14.08.2020","Maud + Elena",0,0,0,0,0,0,0,0,0,0,0,0,0,0,0,15,11,13,0,0,0,0,4,0,0,0,0
"145","Oh_02-4-C","Oh_02","Oh_02-4","14.08.2020","Maud + Elena",0,0,0,0,0,0,0,0,0,0,0,0,0,0,0,8,13,10.5,0,0,0,0,-5,0,0,0,0
"146","Oh_02-4-D","Oh_02","Oh_02-4","14.08.2020","Maud + Elena",0,0,0,0,0,0,0,0,0,0,0,0,0,0,0,13,11,12,0,0,0,0,2,0,0,0,0
"147","Oh_02-4-E","Oh_02","Oh_02-4","14.08.2020","Maud + Elena",0,0,0,0,0,0,0,0,0,0,0,0,0,0,0,9,16,12.5,0,0,0,0,-7,0,0,0,0
"148","Oh_02-5-A","Oh_02","Oh_02-5","14.08.2020","Maud + Elena",0,0,0,0,0,0,0,0,0,NA,0,0,0,0,0,NA,NA,NA,0,0,0,0,0,0,0,0,0
"149","Oh_02-5-B","Oh_02","Oh_02-5","14.08.2020","Maud + Elena",0,0,0,0,0,0,0,0,NA,0,0,0,0,0,0,9,14,11.5,0,0,0,0,-5,0,0,0,0
"150","Oh_02-5-C","Oh_02","Oh_02-5","14.08.2020","Maud + Elena",0,0,0,0,0,0,0,0,0,0,0,0,0,0,0,10,4,7,0,0,0,0,6,0,0,0,0
"151","Oh_02-5-D","Oh_02","Oh_02-5","14.08.2020","Maud + Elena",0,0,0,0,0,0,0,0,0,0,0,0,0,0,0,17,10,13.5,0,0,0,0,7,0,0,0,0
"152","Oh_02-5-E","Oh_02","Oh_02-5","14.08.2020","Maud + Elena",0,0,0,0,0,0,0,0,0,0,0,0,0,0,0,19,7,13,0,0,0,0,12,0,0,0,0
"153","Ol_11-A-A","Ol_11","Ol_11-A","30.08.2019","Judith",0,0,0,0,0,0,0,0,0,0,0,0,0,0,0,22,29,25.5,0,0,0,0,-7,0,0,0,0
"154","Ol_11-A-A","Ol_11","Ol_11-A","30.08.2019","Judith",0,0,0,0,0,0,0,0,0,0,0,0,0,0,0,25,16,20.5,0,0,0,0,9,0,0,0,0
"155","Ol_11-A-A","Ol_11","Ol_11-A","07.08.2019","Judith",0,0,0,0,0,0,0,0,0,0,0,0,0,0,0,22,29,25.5,0,0,0,0,-7,0,0,0,0
"156","Ol_11-A-A","Ol_11","Ol_11-A","07.08.2019","Judith",0,0,0,0,0,0,0,0,0,0,0,0,0,0,0,25,16,20.5,0,0,0,0,9,0,0,0,0
"157","Ol_11-B-B","Ol_11","Ol_11-B","07.08.2019","Judith",0,0,0,0,0,0,0,0,0,0,0,0,0,0,0,7,13,10,0,0,0,0,-6,0,0,0,0
"158","Ol_11-B-B","Ol_11","Ol_11-B","07.08.2019","Judith",0,0,0,0,0,0,0,0,0,0,0,0,0,0,0,15,13,14,0,0,0,0,2,0,0,0,0
"159","Ol_11-B-B","Ol_11","Ol_11-B","30.08.2019","Judith",0,0,0,0,0,0,0,0,0,0,0,0,0,0,0,7,13,10,0,0,0,0,-6,0,0,0,0
"160","Ol_11-B-B","Ol_11","Ol_11-B","30.08.2019","Judith",0,0,0,0,0,0,0,0,0,0,0,0,0,0,0,15,13,14,0,0,0,0,2,0,0,0,0
"161","Ol_11-C-C","Ol_11","Ol_11-C","30.08.2019","Judith",0,0,0,0,0,0,0,0,0,0,0,0,0,0,0,24,26,25,0,0,0,0,-2,0,0,0,0
"162","Ol_11-C-C","Ol_11","Ol_11-C","30.08.2019","Judith",0,0,0,0,0,0,0,0,0,0,0,0,0,0,0,24,17,20.5,0,0,0,0,7,0,0,0,0
"163","Ol_11-C-C","Ol_11","Ol_11-C","07.08.2019","Judith",0,0,0,0,0,0,0,0,0,0,0,0,0,0,0,24,26,25,0,0,0,0,-2,0,0,0,0
"164","Ol_11-C-C","Ol_11","Ol_11-C","07.08.2019","Judith",0,0,0,0,0,0,0,0,0,0,0,0,0,0,0,24,17,20.5,0,0,0,0,7,0,0,0,0
"165","Ol_11-D-D","Ol_11","Ol_11-D","07.08.2019","Judith",0,0,0,0,0,0,0,0,0,0,0,0,0,0,0,16,17,16.5,0,0,0,0,-1,0,0,0,0
"166","Ol_11-D-D","Ol_11","Ol_11-D","07.08.2019","Judith",0,0,0,0,0,0,0,0,0,0,0,0,0,0,0,16,9,12.5,0,0,0,0,7,0,0,0,0
"167","Ol_11-D-D","Ol_11","Ol_11-D","30.08.2019","Judith",0,0,0,0,0,0,0,0,0,0,0,0,0,0,0,16,17,16.5,0,0,0,0,-1,0,0,0,0
"168","Ol_11-D-D","Ol_11","Ol_11-D","30.08.2019","Judith",0,0,0,0,0,0,0,0,0,0,0,0,0,0,0,16,9,12.5,0,0,0,0,7,0,0,0,0
"169","Ol_11-E-E","Ol_11","Ol_11-E","07.08.2019","Judith",0,0,0,0,0,0,0,0,0,0,0,0,0,0,0,15,14,14.5,0,0,0,0,1,0,0,0,0
"170","Ol_11-E-E","Ol_11","Ol_11-E","07.08.2019","Judith",0,0,0,0,0,0,0,0,0,0,0,0,0,0,0,9,12,10.5,0,0,0,0,-3,0,0,0,0
"171","Ol_11-E-E","Ol_11","Ol_11-E","30.08.2019","Judith",0,0,0,0,0,0,0,0,0,0,0,0,0,0,0,15,14,14.5,0,0,0,0,1,0,0,0,0
"172","Ol_11-E-E","Ol_11","Ol_11-E","30.08.2019","Judith",0,0,0,0,0,0,0,0,0,0,0,0,0,0,0,9,12,10.5,0,0,0,0,-3,0,0,0,0
"173","Ol_55-1-A","Ol_55","Ol_55-1","12.08.2020","Maud + Elena",0,0,0,0,0,0,0,0,0,0,0,0,0,0,0,14,11,12.5,0,0,0,0,3,0,0,0,0
"174","Ol_55-1-B","Ol_55","Ol_55-1","12.08.2020","Maud + Elena",0,0,0,0,NA,NA,NA,0,0,0,NA,NA,NA,0,0,17,16,16.5,0,NA,NA,NA,1,0,0,0,0
"175","Ol_55-1-C","Ol_55","Ol_55-1","12.08.2020","Maud + Elena",0,0,0,0,0,0,0,0,0,0,0,0,0,0,0,16,16,16,0,0,0,0,0,0,0,0,0
"176","Ol_55-1-D","Ol_55","Ol_55-1","12.08.2020","Maud + Elena",0,0,0,0,0,0,0,0,0,0,0,0,0,0,0,12,11,11.5,0,0,0,0,1,0,0,0,0
"177","Ol_55-1-E","Ol_55","Ol_55-1","12.08.2020","Maud + Elena",0,0,0,NA,0,0,0,0,0,0,0,0,0,0,0,9,0,4.5,0,0,0,0,9,0,0,0,0
"178","Ol_55-2-A","Ol_55","Ol_55-2","07.08.2019","Judith",0,0,0,0,0,0,0,0,0,0,0,0,0,0,0,7,14,10.5,0,0,0,0,-7,0,0,0,0
"179","Ol_55-2-B","Ol_55","Ol_55-2","07.08.2019","Judith",0,0,0,0,0,0,0,0,0,0,0,0,0,0,0,14,14,14,0,0,0,0,0,0,0,0,0
"180","Ol_55-2-C","Ol_55","Ol_55-2","07.08.2019","Judith",0,0,0,0,0,0,0,0,0,0,0,0,0,0,0,6,11,8.5,0,0,0,0,-5,0,0,0,0
"181","Ol_55-2-D","Ol_55","Ol_55-2","07.08.2019","Judith",0,0,0,0,0,0,0,0,0,0,0,0,0,0,0,14,11,12.5,0,0,0,0,3,0,0,0,0
"182","Ol_55-2-E","Ol_55","Ol_55-2","07.08.2019","Judith",0,0,0,0,0,0,0,0,0,0,0,0,0,0,0,7,11,9,0,0,0,0,-4,0,0,0,0
"183","Ol_55-3-A","Ol_55","Ol_55-3","12.08.2020","Maud + Elena",0,0,0,0,0,0,0,0,0,0,0,0,0,0,0,10,17,13.5,0,0,0,0,-7,0,0,0,0
"184","Ol_55-3-B","Ol_55","Ol_55-3","12.08.2020","Maud + Elena",0,0,0,0,0,0,0,0,0,0,0,0,0,0,0,17,15,16,0,0,0,0,2,0,0,0,0
"185","Ol_55-3-C","Ol_55","Ol_55-3","12.08.2020","Maud + Elena",0,0,0,0,0,0,0,0,0,0,0,0,0,0,0,17,15,16,0,0,0,0,2,0,0,0,0
"186","Ol_55-3-D","Ol_55","Ol_55-3","12.08.2020","Maud + Elena",0,0,0,0,0,0,0,0,0,0,0,0,0,0,0,15,15,15,0,0,0,0,0,0,0,0,0
"187","Ol_55-3-E","Ol_55","Ol_55-3","12.08.2020","Maud + Elena",0,0,0,0,0,0,0,0,0,0,0,0,0,0,0,17,14,15.5,0,0,0,0,3,0,0,0,0
"188","Ol_55-5-A","Ol_55","Ol_55-5","12.08.2020","Maud + Elena",0,0,0,0,0,0,0,0,0,0,0,0,0,0,0,20,19,19.5,0,0,0,0,1,0,0,0,0
"189","Ol_55-5-B","Ol_55","Ol_55-5","12.08.2020","Maud + Elena",0,0,0,0,0,0,0,0,0,0,0,0,0,0,0,13,19,16,0,0,0,0,-6,0,0,0,0
"190","Ol_55-5-C","Ol_55","Ol_55-5","12.08.2020","Maud + Elena",0,0,0,0,0,0,0,0,0,0,0,0,0,0,0,33,18,25.5,0,0,0,0,15,0,0,0,0
"191","Ol_55-5-D","Ol_55","Ol_55-5","12.08.2020","Maud + Elena",0,0,0,0,0,0,0,0,0,0,0,0,0,0,0,22,17,19.5,0,0,0,0,5,0,0,0,0
"192","Ol_55-5-E","Ol_55","Ol_55-5","12.08.2020","Maud + Elena",0,0,0,0,0,0,0,0,0,0,0,NA,0,0,0,17,10,13.5,0,0,0,0,7,0,0,0,0
"193","Ol_55-A-A","Ol_55","Ol_55-A","29.08.2019","Judith",0,0,0,0,0,0,0,0,0,0,0,0,0,0,0,10,9,9.5,0,0,0,0,1,0,0,0,0
"194","Ol_55-A-A","Ol_55","Ol_55-A","29.08.2019","Judith",0,0,0,0,0,0,0,0,0,0,0,0,0,0,0,0,0,0,0,0,0,0,0,0,0,0,0
"195","Ol_55-A-A","Ol_55","Ol_55-A","20.08.2019","Judith",0,0,0,0,0,0,0,0,0,0,0,0,0,0,0,10,9,9.5,0,0,0,0,1,0,0,0,0
"196","Ol_55-A-A","Ol_55","Ol_55-A","20.08.2019","Judith",0,0,0,0,0,0,0,0,0,0,0,0,0,0,0,0,0,0,0,0,0,0,0,0,0,0,0
"197","Ol_55-B-B","Ol_55","Ol_55-B","20.08.2019","Judith",0,0,0,0,0,NA,0,0,0,0,0,0,0,0,0,9,12,10.5,0,0,0,0,-3,0,0,0,0
"198","Ol_55-B-B","Ol_55","Ol_55-B","20.08.2019","Judith",0,0,0,0,0,NA,0,0,0,0,0,0,0,0,0,8,6,7,0,0,0,0,2,0,0,0,0
"199","Ol_55-B-B","Ol_55","Ol_55-B","29.08.2019","Judith",0,0,0,0,0,0,0,0,0,0,0,0,0,0,0,9,12,10.5,0,0,0,0,-3,0,0,0,0
"200","Ol_55-B-B","Ol_55","Ol_55-B","29.08.2019","Judith",0,0,0,0,0,0,0,0,0,0,0,0,0,0,0,8,6,7,0,0,0,0,2,0,0,0,0
"201","Ol_55-C-C","Ol_55","Ol_55-C","20.08.2019","Judith",0,0,0,0,0,0,0,0,0,0,0,0,0,0,0,8,6,7,0,0,0,0,2,0,0,0,0
"202","Ol_55-C-C","Ol_55","Ol_55-C","20.08.2019","Judith",0,0,0,0,0,0,0,0,0,0,0,0,0,0,0,9,17,13,0,0,0,0,-8,0,0,0,0
"203","Ol_55-C-C","Ol_55","Ol_55-C","29.08.2019","Judith",0,0,0,0,0,0,0,0,0,0,0,0,0,0,0,8,6,7,0,0,0,0,2,0,0,0,0
"204","Ol_55-C-C","Ol_55","Ol_55-C","29.08.2019","Judith",0,0,0,0,0,0,0,0,0,0,0,0,0,0,0,9,17,13,0,0,0,0,-8,0,0,0,0
"205","Ol_55-D-D","Ol_55","Ol_55-D","29.08.2019","Judith",0,0,0,0,0,0,0,0,0,0,0,0,0,0,0,11,14,12.5,0,0,0,0,-3,0,0,0,0
"206","Ol_55-E-E","Ol_55","Ol_55-E","29.08.2019","Judith",0,0,0,0,0,NA,0,0,0,0,0,0,0,0,0,10,17,13.5,0,0,0,0,-7,0,0,0,0
"207","Om_02-1-A","Om_02","Om_02-1","14.08.2020","Maud + Elena",0,0,0,0,0,0,0,0,0,0,0,0,0,0,0,31,19,25,0,0,0,0,12,0,0,0,0
"208","Om_02-1-B","Om_02","Om_02-1","14.08.2020","Maud + Elena",0,0,0,0,0,0,0,0,0,0,0,0,0,0,0,25,20,22.5,0,0,0,0,5,0,0,0,0
"209","Om_02-1-C","Om_02","Om_02-1","14.08.2020","Maud + Elena",0,0,0,0,0,0,0,0,0,0,0,0,0,0,0,17,14,15.5,0,0,0,0,3,0,0,0,0
"210","Om_02-1-D","Om_02","Om_02-1","14.08.2020","Maud + Elena",0,0,0,0,0,0,0,0,0,0,0,0,0,0,0,13,25,19,0,0,0,0,-12,0,0,0,0
"211","Om_02-1-E","Om_02","Om_02-1","14.08.2020","Maud + Elena",0,0,0,0,0,0,0,0,0,0,0,0,0,0,0,15,23,19,0,0,0,0,-8,0,0,0,0
"212","Om_02-1.2-B","Om_02","Om_02-1.2","14.08.2020","Maud + Elena",0,0,0,0,0,0,0,0,0,0,0,0,0,0,0,8,17,12.5,0,0,0,0,-9,0,0,0,0
"213","Om_06-1-A","Om_06","Om_06-1","19.08.2020","Maud + Elena",0,0,0,0,0,0,0,0,0,0,0,0,0,0,0,5,10,7.5,0,0,0,0,-5,0,0,0,0
"214","Om_06-1-B","Om_06","Om_06-1","19.08.2020","Maud + Elena",0,0,0,0,0,0,0,0,0,0,0,0,0,0,0,14,8,11,0,0,0,0,6,0,0,0,0
"215","Om_06-1-C","Om_06","Om_06-1","19.08.2020","Maud + Elena",0,0,0,0,0,0,0,0,0,0,0,0,0,0,0,17,6,11.5,0,0,0,0,11,0,0,0,0
"216","Om_06-1-D","Om_06","Om_06-1","19.08.2020","Maud + Elena",0,0,0,0,0,0,0,0,0,0,0,0,0,0,0,22,6,14,0,0,0,0,16,0,0,0,0
"217","Om_06-1-E","Om_06","Om_06-1","19.08.2020","Maud + Elena",0,0,0,0,0,0,0,0,0,0,0,0,0,0,0,23,13,18,0,0,0,0,10,0,0,0,0
"218","Om_06-3-A","Om_06","Om_06-3","19.08.2020","Maud + Elena",0,0,0,0,0,0,0,0,0,0,0,0,0,0,0,28,17,22.5,0,0,0,0,11,0,0,0,0
"219","Om_06-3-B","Om_06","Om_06-3","19.08.2020","Maud + Elena",0,0,0,0,0,0,0,0,0,0,0,0,0,0,0,20,21,20.5,0,0,0,0,-1,0,0,0,0
"220","Om_06-3-C","Om_06","Om_06-3","19.08.2020","Maud + Elena",0,0,0,0,0,0,0,0,0,0,0,0,0,0,0,12,20,16,0,0,0,0,-8,0,0,0,0
"221","Om_06-3-D","Om_06","Om_06-3","19.08.2020","Maud + Elena",0,0,0,0,0,0,0,0,0,0,0,0,0,0,0,11,16,13.5,0,0,0,0,-5,0,0,0,0
"222","Om_06-3-E","Om_06","Om_06-3","19.08.2020","Maud + Elena",0,0,0,0,0,0,0,0,0,0,0,0,0,0,0,13,23,18,0,0,0,0,-10,0,0,0,0
"223","Om_06-5-A","Om_06","Om_06-5","19.08.2020","Maud + Elena",0,0,0,0,0,0,0,0,0,0,0,0,0,0,0,3,7,5,0,0,0,0,-4,0,0,0,0
"224","Om_06-5-B","Om_06","Om_06-5","19.08.2020","Maud + Elena",0,0,0,0,0,0,0,0,0,0,0,0,0,0,0,10,8,9,0,0,0,0,2,0,0,0,0
"225","Om_06-5-C","Om_06","Om_06-5","19.08.2020","Maud + Elena",0,0,0,0,0,0,0,0,0,0,0,0,0,0,0,26,9,17.5,0,0,0,0,17,0,0,0,0
"226","Om_06-5-D","Om_06","Om_06-5","19.08.2020","Maud + Elena",0,0,0,0,0,0,0,0,0,0,0,0,0,0,0,8,13,10.5,0,0,0,0,-5,0,0,0,0
"227","Om_06-5-E","Om_06","Om_06-5","19.08.2020","Maud + Elena",0,0,0,0,0,0,0,0,0,0,0,0,0,0,0,15,8,11.5,0,0,0,0,7,0,0,0,0
"228","Om_06-A-A","Om_06","Om_06-A","06.08.2019","Judith",0,0,0,0,0,0,0,0,0,0,0,0,0,0,0,12,14,13,0,0,0,0,-2,0,0,0,0
"229","Om_06-B-B","Om_06","Om_06-B","06.08.2019","Judith",0,0,0,0,0,0,0,0,0,0,0,0,0,0,0,11,15,13,0,0,0,0,-4,0,0,0,0
"230","Om_06-C-C","Om_06","Om_06-C","06.08.2019","Judith",0,0,0,0,0,0,0,0,0,0,0,0,0,0,0,14,15,14.5,0,0,0,0,-1,0,0,0,0
"231","Om_06-D-D","Om_06","Om_06-D","06.08.2019","Judith",0,0,0,0,0,0,0,0,0,0,0,0,0,0,0,12,17,14.5,0,0,0,0,-5,0,0,0,0
"232","Om_06-dorsal.jpg-A","Om_06","Om_06-dorsal.jpg","29.08.2019","Judith",0,0,0,NA,NA,NA,NA,NA,NA,NA,NA,NA,NA,NA,NA,NA,NA,NA,NA,NA,NA,NA,0,0,0,0,0
"233","Om_06-dorsal.jpg-B","Om_06","Om_06-dorsal.jpg","29.08.2019","Judith",0,0,0,NA,NA,NA,NA,NA,NA,NA,NA,NA,NA,NA,NA,NA,NA,NA,NA,NA,NA,NA,0,0,0,0,0
"234","Om_06-dorsal.jpg-C","Om_06","Om_06-dorsal.jpg","29.08.2019","Judith",0,0,0,NA,NA,NA,NA,NA,NA,NA,NA,NA,NA,NA,NA,NA,NA,NA,NA,NA,NA,NA,0,0,0,0,0
"235","Om_06-dorsal.jpg-D","Om_06","Om_06-dorsal.jpg","29.08.2019","Judith",0,0,0,NA,NA,NA,NA,NA,NA,NA,NA,NA,NA,NA,NA,NA,NA,NA,NA,NA,NA,NA,0,0,0,0,0
"236","Om_06-dorsal.jpg-E","Om_06","Om_06-dorsal.jpg","29.08.2019","Judith",0,0,0,NA,NA,NA,NA,NA,NA,NA,NA,NA,NA,NA,NA,NA,NA,NA,NA,NA,NA,NA,0,0,0,0,0
"237","Om_06-E-E","Om_06","Om_06-E","06.08.2019","Judith",0,0,0,0,0,0,0,0,0,0,0,0,0,0,0,14,19,16.5,0,0,0,0,-5,0,0,0,0
"238","Om_06-left antenna.jpg-A","Om_06","Om_06-left antenna.jpg","29.08.2019","Judith",NA,NA,NA,0,NA,NA,NA,NA,NA,NA,NA,NA,NA,NA,NA,NA,NA,NA,0,NA,NA,NA,0,0,0,0,0
"239","Om_06-left antenna.jpg-B","Om_06","Om_06-left antenna.jpg","29.08.2019","Judith",NA,NA,NA,0,NA,NA,NA,NA,NA,NA,NA,NA,NA,NA,NA,NA,NA,NA,0,NA,NA,NA,0,0,0,0,0
"240","Om_06-left antenna.jpg-C","Om_06","Om_06-left antenna.jpg","29.08.2019","Judith",NA,NA,NA,0,NA,NA,NA,NA,NA,NA,NA,NA,NA,NA,NA,NA,NA,NA,0,NA,NA,NA,0,0,0,0,0
"241","Om_06-left antenna.jpg-D","Om_06","Om_06-left antenna.jpg","29.08.2019","Judith",NA,NA,NA,0,NA,NA,NA,NA,NA,NA,NA,NA,NA,NA,NA,NA,NA,NA,0,NA,NA,NA,0,0,0,0,0
"242","Om_06-left antenna.jpg-E","Om_06","Om_06-left antenna.jpg","29.08.2019","Judith",NA,NA,NA,0,NA,NA,NA,NA,NA,NA,NA,NA,NA,NA,NA,NA,NA,NA,0,NA,NA,NA,0,0,0,0,0
"243","Om_06-left leg.jpg-A","Om_06","Om_06-left leg.jpg","29.08.2019","Judith",NA,NA,NA,NA,0,0,0,NA,NA,NA,NA,NA,NA,NA,NA,NA,NA,NA,NA,0,0,0,0,0,0,0,0
"244","Om_06-left leg.jpg-B","Om_06","Om_06-left leg.jpg","29.08.2019","Judith",NA,NA,NA,NA,0,0,0,NA,NA,NA,NA,NA,NA,NA,NA,NA,NA,NA,NA,0,0,0,0,0,0,0,0
"245","Om_06-left leg.jpg-C","Om_06","Om_06-left leg.jpg","29.08.2019","Judith",NA,NA,NA,NA,0,0,0,NA,NA,NA,NA,NA,NA,NA,NA,NA,NA,NA,NA,0,0,0,0,0,0,0,0
"246","Om_06-left leg.jpg-D","Om_06","Om_06-left leg.jpg","29.08.2019","Judith",NA,NA,NA,NA,0,0,0,NA,NA,NA,NA,NA,NA,NA,NA,NA,NA,NA,NA,0,0,0,0,0,0,0,0
"247","Om_06-left leg.jpg-E","Om_06","Om_06-left leg.jpg","29.08.2019","Judith",NA,NA,NA,NA,0,0,0,NA,NA,NA,NA,NA,NA,NA,NA,NA,NA,NA,NA,0,0,0,0,0,0,0,0
"248","Om_06-mouthpart.jpg-A","Om_06","Om_06-mouthpart.jpg","29.08.2019","Judith",NA,NA,NA,NA,NA,NA,NA,0,NA,NA,NA,NA,NA,NA,NA,NA,NA,NA,NA,NA,NA,NA,0,0,0,0,0
"249","Om_06-mouthpart.jpg-B","Om_06","Om_06-mouthpart.jpg","29.08.2019","Judith",NA,NA,NA,NA,NA,NA,NA,0,NA,NA,NA,NA,NA,NA,NA,NA,NA,NA,NA,NA,NA,NA,0,0,0,0,0
"250","Om_06-mouthpart.jpg-C","Om_06","Om_06-mouthpart.jpg","29.08.2019","Judith",NA,NA,NA,NA,NA,NA,NA,0,NA,NA,NA,NA,NA,NA,NA,NA,NA,NA,NA,NA,NA,NA,0,0,0,0,0
"251","Om_06-mouthpart.jpg-D","Om_06","Om_06-mouthpart.jpg","29.08.2019","Judith",NA,NA,NA,NA,NA,NA,NA,0,NA,NA,NA,NA,NA,NA,NA,NA,NA,NA,NA,NA,NA,NA,0,0,0,0,0
"252","Om_06-mouthpart.jpg-E","Om_06","Om_06-mouthpart.jpg","29.08.2019","Judith",NA,NA,NA,NA,NA,NA,NA,0,NA,NA,NA,NA,NA,NA,NA,NA,NA,NA,NA,NA,NA,NA,0,0,0,0,0
"253","Om_06-ocular tubercles.jpg-A","Om_06","Om_06-ocular tubercles.jpg","29.08.2019","Judith",NA,NA,NA,NA,NA,NA,NA,NA,0,NA,NA,NA,NA,NA,NA,NA,NA,NA,NA,NA,NA,NA,0,0,0,0,0
"254","Om_06-ocular tubercles.jpg-B","Om_06","Om_06-ocular tubercles.jpg","29.08.2019","Judith",NA,NA,NA,NA,NA,NA,NA,NA,0,NA,NA,NA,NA,NA,NA,NA,NA,NA,NA,NA,NA,NA,0,0,0,0,0
"255","Om_06-ocular tubercles.jpg-C","Om_06","Om_06-ocular tubercles.jpg","29.08.2019","Judith",NA,NA,NA,NA,NA,NA,NA,NA,0,NA,NA,NA,NA,NA,NA,NA,NA,NA,NA,NA,NA,NA,0,0,0,0,0
"256","Om_06-ocular tubercles.jpg-D","Om_06","Om_06-ocular tubercles.jpg","29.08.2019","Judith",NA,NA,NA,NA,NA,NA,NA,NA,0,NA,NA,NA,NA,NA,NA,NA,NA,NA,NA,NA,NA,NA,0,0,0,0,0
"257","Om_06-ocular tubercles.jpg-E","Om_06","Om_06-ocular tubercles.jpg","29.08.2019","Judith",NA,NA,NA,NA,NA,NA,NA,NA,0,NA,NA,NA,NA,NA,NA,NA,NA,NA,NA,NA,NA,NA,0,0,0,0,0
"258","Om_06-right antenna.jpg-A","Om_06","Om_06-right antenna.jpg","29.08.2019","Judith",NA,NA,NA,NA,NA,NA,NA,NA,NA,0,NA,NA,NA,NA,NA,23,23,23,0,NA,NA,NA,0,0,0,0,0
"259","Om_06-right antenna.jpg-B","Om_06","Om_06-right antenna.jpg","29.08.2019","Judith",NA,NA,NA,NA,NA,NA,NA,NA,NA,0,NA,NA,NA,NA,NA,19,26,22.5,0,NA,NA,NA,-7,0,0,0,0
"260","Om_06-right antenna.jpg-C","Om_06","Om_06-right antenna.jpg","29.08.2019","Judith",NA,NA,NA,NA,NA,NA,NA,NA,NA,0,NA,NA,NA,NA,NA,7,8,7.5,0,NA,NA,NA,-1,0,0,0,0
"261","Om_06-right antenna.jpg-D","Om_06","Om_06-right antenna.jpg","29.08.2019","Judith",NA,NA,NA,NA,NA,NA,NA,NA,NA,0,NA,NA,NA,NA,NA,11,21,16,0,NA,NA,NA,-10,0,0,0,0
"262","Om_06-right antenna.jpg-E","Om_06","Om_06-right antenna.jpg","29.08.2019","Judith",NA,NA,NA,NA,NA,NA,NA,NA,NA,0,NA,NA,NA,NA,NA,7,11,9,0,NA,NA,NA,-4,0,0,0,0
"263","Om_06-right leg.jpg-A","Om_06","Om_06-right leg.jpg","29.08.2019","Judith",NA,NA,NA,NA,NA,NA,NA,NA,NA,NA,0,0,0,NA,NA,NA,NA,NA,NA,0,0,0,0,0,0,0,0
"264","Om_06-right leg.jpg-B","Om_06","Om_06-right leg.jpg","29.08.2019","Judith",NA,NA,NA,NA,NA,NA,NA,NA,NA,NA,0,0,0,NA,NA,NA,NA,NA,NA,0,0,0,0,0,0,0,0
"265","Om_06-right leg.jpg-C","Om_06","Om_06-right leg.jpg","29.08.2019","Judith",NA,NA,NA,NA,NA,NA,NA,NA,NA,NA,0,0,0,NA,NA,NA,NA,NA,NA,0,0,0,0,0,0,0,0
"266","Om_06-right leg.jpg-D","Om_06","Om_06-right leg.jpg","29.08.2019","Judith",NA,NA,NA,NA,NA,NA,NA,NA,NA,NA,0,0,0,NA,NA,NA,NA,NA,NA,0,0,0,0,0,0,0,0
"267","Om_06-right leg.jpg-E","Om_06","Om_06-right leg.jpg","29.08.2019","Judith",NA,NA,NA,NA,NA,NA,NA,NA,NA,NA,0,0,0,NA,NA,NA,NA,NA,NA,0,0,0,0,0,0,0,0
"268","Om_06-ventral.jpg-A","Om_06","Om_06-ventral.jpg","29.08.2019","Judith",NA,NA,NA,NA,NA,NA,NA,NA,NA,NA,NA,NA,NA,0,0,NA,NA,NA,NA,NA,NA,NA,0,0,0,0,0
"269","Om_06-ventral.jpg-B","Om_06","Om_06-ventral.jpg","29.08.2019","Judith",NA,NA,NA,NA,NA,NA,NA,NA,NA,NA,NA,NA,NA,0,0,NA,NA,NA,NA,NA,NA,NA,0,0,0,0,0
"270","Om_06-ventral.jpg-C","Om_06","Om_06-ventral.jpg","29.08.2019","Judith",NA,NA,NA,NA,NA,NA,NA,NA,NA,NA,NA,NA,NA,0,0,NA,NA,NA,NA,NA,NA,NA,0,0,0,0,0
"271","Om_06-ventral.jpg-D","Om_06","Om_06-ventral.jpg","29.08.2019","Judith",NA,NA,NA,NA,NA,NA,NA,NA,NA,NA,NA,NA,NA,0,0,NA,NA,NA,NA,NA,NA,NA,0,0,0,0,0
"272","Om_06-ventral.jpg-E","Om_06","Om_06-ventral.jpg","29.08.2019","Judith",NA,NA,NA,NA,NA,NA,NA,NA,NA,NA,NA,NA,NA,0,0,NA,NA,NA,NA,NA,NA,NA,0,0,0,0,0
"273","Sk_01-1-A","Sk_01","Sk_01-1","13.08.2020","Maud + Elena",0,0,0,0,0,0,0,0,0,0,0,0,0,0,0,16,22,19,0,0,0,0,-6,0,0,0,0
"274","Sk_01-1-B","Sk_01","Sk_01-1","13.08.2020","Maud + Elena",0,0,0,0,0,0,0,0,0,0,0,0,0,0,0,13,12,12.5,0,0,0,0,1,0,0,0,0
"275","Sk_01-1-C","Sk_01","Sk_01-1","13.08.2020","Maud + Elena",0,0,0,0,0,0,0,0,0,0,0,0,0,0,0,16,13,14.5,0,0,0,0,3,0,0,0,0
"276","Sk_01-1-D","Sk_01","Sk_01-1","13.08.2020","Maud + Elena",0,0,0,0,0,0,0,0,0,0,0,0,0,0,0,12,12,12,0,0,0,0,0,0,0,0,0
"277","Sk_01-1-E","Sk_01","Sk_01-1","13.08.2020","Maud + Elena",0,0,0,0,0,0,0,0,0,0,0,0,0,0,0,13,13,13,0,0,0,0,0,0,0,0,0
"278","Sk_01-2-A","Sk_01","Sk_01-2","13.08.2020","Maud + Elena",0,0,0,0,0,0,0,0,0,0,0,0,0,0,0,15,20,17.5,0,0,0,0,-5,0,0,0,0
"279","Sk_01-2-B","Sk_01","Sk_01-2","13.08.2020","Maud + Elena",0,0,0,0,0,0,0,0,0,0,0,0,0,0,0,12,6,9,0,0,0,0,6,0,0,0,0
"280","Sk_01-2-C","Sk_01","Sk_01-2","13.08.2020","Maud + Elena",0,0,0,0,0,0,0,0,0,0,0,0,0,0,0,0,12,6,0,0,0,0,-12,0,0,0,0
"281","Sk_01-2-D","Sk_01","Sk_01-2","13.08.2020","Maud + Elena",0,0,0,0,0,0,0,0,0,0,0,0,0,0,0,17,13,15,0,0,0,0,4,0,0,0,0
"282","Sk_01-2-E","Sk_01","Sk_01-2","13.08.2020","Maud + Elena",0,0,0,0,0,0,0,0,0,0,0,0,0,0,0,20,12,16,0,0,0,0,8,0,0,0,0
"283","Sk_01-3-A","Sk_01","Sk_01-3","13.08.2020","Maud + Elena",0,0,0,0,0,0,0,0,0,0,0,0,0,0,0,14,7,10.5,0,0,0,0,7,0,0,0,0
"284","Sk_01-3-B","Sk_01","Sk_01-3","13.08.2020","Maud + Elena",0,0,0,0,0,0,0,0,0,0,0,0,0,0,0,13,14,13.5,0,0,0,0,-1,0,0,0,0
"285","Sk_01-3-C","Sk_01","Sk_01-3","13.08.2020","Maud + Elena",0,0,0,0,0,0,0,0,0,0,0,0,0,0,0,NA,20,20,0,0,0,0,-20,0,0,0,0
"286","Sk_01-3-D","Sk_01","Sk_01-3","13.08.2020","Maud + Elena",0,0,0,0,0,0,0,0,0,0,0,NA,0,0,0,NA,16,16,0,0,0,0,-16,0,0,0,0
"287","Sk_01-3-E","Sk_01","Sk_01-3","13.08.2020","Maud + Elena",0,0,0,0,0,0,0,0,0,0,0,0,0,0,0,NA,10,10,0,0,0,0,-10,0,0,0,0
